{"cameraMode":{"drawMode":0,"name":"Shaded","section":"Shading Mode"},"sceneLighting":false,"audioPlay":false,"sceneViewState":{"showFog":true,"showMaterialUpdate":true,"showSkybox":false,"showFlares":true,"showImageEffects":true,"showParticleSystems":true},"in2DMode":false,"pivot":{"x":0.18078811466693879,"y":1.4589903354644776,"z":24.591012954711915},"rotation":{"x":0.020494725555181505,"y":0.8064079880714417,"z":0.027759455144405366,"w":-0.5904794931411743},"size":7.267833232879639,"orthographic":false}