{"cameraMode":{"drawMode":0,"name":"Shaded","section":"Shading Mode"},"sceneLighting":false,"audioPlay":false,"sceneViewState":{"showFog":true,"showMaterialUpdate":true,"showSkybox":false,"showFlares":true,"showImageEffects":true,"showParticleSystems":true},"in2DMode":false,"pivot":{"x":-6.104293346405029,"y":1.4713307619094849,"z":5.547936916351318},"rotation":{"x":-0.08830675482749939,"y":0.6976218223571777,"z":-0.08730589598417282,"w":-0.7056254744529724},"size":4.128273010253906,"orthographic":false}