{"cameraMode":{"drawMode":0,"name":"Shaded","section":"Shading Mode"},"sceneLighting":false,"audioPlay":false,"sceneViewState":{"showFog":true,"showMaterialUpdate":true,"showSkybox":false,"showFlares":true,"showImageEffects":true,"showParticleSystems":true},"in2DMode":false,"pivot":{"x":30.094741821289064,"y":7.842190742492676,"z":13.570225715637207},"rotation":{"x":-0.14666296541690827,"y":-0.6953776478767395,"z":-0.14817024767398835,"w":0.6878235340118408},"size":6.492496013641357,"orthographic":false}