{"cameraMode":{"drawMode":0,"name":"Shaded","section":"Shading Mode"},"sceneLighting":false,"audioPlay":false,"sceneViewState":{"showFog":true,"showMaterialUpdate":true,"showSkybox":false,"showFlares":true,"showImageEffects":true,"showParticleSystems":true},"in2DMode":false,"pivot":{"x":33.27526092529297,"y":1.6939477920532227,"z":32.53232955932617},"rotation":{"x":0.005013640038669109,"y":0.9772011041641235,"z":-0.21133700013160706,"w":0.02258411794900894},"size":4.775493144989014,"orthographic":false}